Model,Accuracy,Precision,Recall,F1 Score
SVM,0.7093333333333334,0.7101781755684138,0.7093333333333334,0.7088519794464241
Naive Bayes,0.7093333333333334,0.7101781755684138,0.7093333333333334,0.7088519794464241
Logistic Regression,0.7093333333333334,0.7101781755684138,0.7093333333333334,0.7088519794464241
Decision Tree,0.7093333333333334,0.7101781755684138,0.7093333333333334,0.7088519794464241
